customer_id,name,email,phone,address,city,state
C001,Duane Hickman,lucerofrederick@jones.info,273-915-1543,90998 Danny Bridge Apt. 959,Lake Jonathanton,Colorado
C002,John Smith,lopezdonald@hood-lopez.info,280-050-6944x65065,8720 Anthony Loaf,Brownstad,Kentucky
C003,Ashley Murphy,pjohnson@gmail.com,001-077-772-6286x1990,238 Cassandra Center Suite 522,Lake Amanda,Arizona
C004,Gabriel Lopez,ballzachary@brooks-boyd.com,256.907.6699x43480,291 Murphy Tunnel Apt. 092,South Michaelport,Iowa
C005,Christopher Collins,pcarter@yahoo.com,(946)618-8591x7012,517 Margaret Route,Michellebury,Michigan
C006,Joanna Owens,tjohnson@richards-holt.com,+1-064-616-6682x8106,00621 Preston Park Apt. 410,North Brandyfort,Arizona
C007,Amber Pruitt,mercadoshaun@garrett.info,001-582-700-5177,3161 Ryan Land Apt. 940,New Yvonne,Idaho
C008,Judith Richardson,tina98@clark.com,633.558.3970x413,861 Jonathan Springs Suite 244,Katrinaborough,Kentucky
C009,Benjamin Ho,victor15@compton-nicholson.info,+1-218-577-6421x936,26090 Latoya Canyon Suite 672,New Juan,Michigan
C010,Ashley Floyd,natalieblair@yahoo.com,730-209-6165,7988 Ian Circles Apt. 327,Lake Bradleyside,Oregon
C011,Christopher Johnson,allendawn@miller-collins.com,380.222.7380x0992,936 Baird Shore,Stephanieview,West Virginia
C012,Donald Austin,maria53@gilbert.com,633-112-4530,8051 Tiffany Trace,Ericksonmouth,Maine
C013,Brooke Murray,haroldmiller@hughes-jones.org,(725)361-2263x3417,8191 Joe Dam,Potterstad,New Hampshire
C014,Charles Patterson,vjacobs@yahoo.com,3366581952,374 Robert Loaf,Port Juanbury,Arkansas
C015,Jeremy Stevenson,brobbins@olsen-robinson.org,001-017-551-3168x73917,9723 Olivia Road Suite 311,West Thomaschester,New Mexico
C016,Ryan Stewart,keith94@oneal.info,+1-251-126-5449x177,2192 Howell Tunnel Suite 348,South Shelbybury,Rhode Island
C017,Jennifer Cannon,vanessa91@gmail.com,+1-220-434-0295x55415,4575 Kristopher Via Apt. 803,North Laurieport,South Carolina
C018,Carl Martinez,wendysandoval@mooney.com,6931472451,57666 Nicholas Locks,Butlerville,Vermont
C019,Natalie Carter,angela74@richard.com,8167005970,3570 Judith Throughway Apt. 807,South Joseview,Delaware
C020,Nicholas Tucker,diana57@robertson.com,448-501-6987x2450,506 Allen Neck Apt. 418,Amandaville,Minnesota
C021,John Weber,zachary42@gmail.com,727-267-6823x784,28236 Johnson Avenue Suite 456,Port Loristad,Wisconsin
C022,Corey Ferrell,ncervantes@gmail.com,001-713-339-5249,607 Coleman Courts Apt. 093,Angelafurt,Illinois
C023,Nichole Gilbert,opierce@yahoo.com,001-830-024-2794,191 Sean Tunnel,Anthonyhaven,Colorado
C024,Wayne Martinez,jeffyoder@wilson-guerrero.com,234-597-4915,93741 Hoffman Creek,Timothyview,Massachusetts
C025,Thomas Mayer,scottmoyer@summers.com,691.539.0055x18698,8738 Jamie Gardens Suite 564,East Shane,Maryland
C026,Nicole Durham,bonnie46@martinez.com,863.955.6742,8465 Bowers Flat Apt. 954,Jesusport,Idaho
C027,Debra Mcguire,vincentrodgers@gmail.com,989.042.2149,50842 Guzman Estates Suite 088,East Zoeside,Florida
C028,Lisa Garcia,awest@yahoo.com,2535165079,574 Johnson Cliffs,Lake Mariaberg,Arkansas
C029,Christie Green,nelsonaudrey@yahoo.com,-9850,2039 Amy Heights Apt. 098,South Francesfurt,South Dakota
C030,George Little,matthew77@andrews.com,594-285-7092x138,2986 Kerr Wall Apt. 697,East Kevin,Maryland
C031,Luis Curtis,beverlyfitzgerald@gmail.com,614.032.6810x658,1846 Hall Track Apt. 238,Nicolechester,New Mexico
C032,Kayla Roberts,vkoch@ware-clark.info,(774)218-1659x645,626 Franklin Manors Apt. 954,Greenview,Florida
C033,Brandon James,krystalhernandez@gilmore-morton.net,+1-045-950-9109x492,4736 Alicia Expressway,Port Shawn,Idaho
C034,Kristen Mcmillan,joseph01@hotmail.com,+1-760-999-6367x237,79716 Theresa Crescent Suite 391,Danielleville,Wyoming
C035,Austin Hooper,changnicholas@yahoo.com,468.201.0274x453,4201 Hall Bridge Suite 822,South Jacob,New Mexico
C036,Kyle West,jamesmitchell@moran-small.com,2945762356,2407 Anthony Fords Suite 849,Youngview,California
C037,Steven Fisher,veronicawilliams@costa.com,778-099-9875x10909,0377 Salas Circles Apt. 363,Port Samanthahaven,Idaho
C038,Donna Stein,garciakevin@gonzalez-tran.biz,(344)162-9348,95704 Bradley Inlet,Danielview,Maryland
C039,Thomas Hart,kathleen35@cohen.com,(863)205-7048x0668,961 Webb Forge Apt. 041,Castrofort,Alabama
C040,Heather Savage,tony04@yahoo.com,000.243.0593x832,4783 James Inlet,Port Meganport,Rhode Island
C041,Mark Murillo,uhiggins@richards.com,274.711.4310x123,511 Laura Shores Apt. 891,Averychester,Mississippi
C042,Sarah Woods,cheryl09@price-rodriguez.com,+1-159-533-9084x32608,53902 Nathan Crossroad Apt. 729,West Jeffreybury,Vermont
C043,Christopher Gould,etrevino@weaver.com,-6068,39781 Michael Pass,Michelleshire,Oklahoma
C044,April Morgan,dbranch@yahoo.com,135-873-8134,346 Brittany Corner,Dawnmouth,Kansas
C045,Andrew Middleton,duncanmichelle@yahoo.com,+1-250-918-2048x167,717 Susan Club Apt. 416,Bellstad,Massachusetts
C046,Tiffany Norman,daniellehernandez@boyle.org,+1-488-857-1527x536,829 Wheeler Knolls,Lopezfort,Alabama
C047,Kristy Bauer,nicolebean@hotmail.com,001-548-994-0866x186,41157 Erin Expressway Suite 560,Harrisontown,Minnesota
C048,Monique Webb,dalevelasquez@gmail.com,001-969-478-5357,666 Atkinson Estates,North Timothy,Connecticut
C049,Catherine Rojas,kristamathis@espinoza-krueger.com,574.316.0910,307 Breanna Drives,Joshuastad,Mississippi
C050,Jermaine Wolf,pryan@hotmail.com,001-513-248-2867x5349,913 Betty Circle Suite 107,Port Jeffreystad,Washington
C051,Larry Mccullough,bmcguire@hotmail.com,996.073.9136x01228,509 Fox Fall,East Cody,Virginia
C052,Randall Drake,maryrodriguez@hotmail.com,(996)406-0559x88897,1511 Anderson Burgs Suite 885,Davidsonport,Oregon
C053,David Mcdowell,christy44@mcdowell-robertson.com,461.750.8767x600,957 Berg Center,New Jenniferstad,South Dakota
C054,April Savage,robert58@davis-mora.info,001-386-895-9132,035 Jennifer Lane Apt. 431,South Alexshire,Massachusetts
C055,Christy Larson,monicahamilton@yahoo.com,+1-752-116-5539x098,475 Hancock Creek,South Laurenburgh,Oklahoma
C056,Kevin Herrera,sabrina94@hotmail.com,384.994.9489x53919,534 Williams Locks Apt. 232,Lawrenceport,Kansas
C057,Shelly Spencer,petersondustin@parker-clark.com,1648925597,250 Sarah Loaf Apt. 893,Shawnburgh,Iowa
C058,Danielle Brown,benjaminfrank@mora.biz,-3305,78424 Hill Corners,Michelleport,Nevada
C059,Martin Wagner,stephen70@carlson-gill.org,3995436630,947 Daniel Forge Apt. 050,South Tracystad,Kentucky
C060,Julie Jones,johnsonbecky@hansen.info,238-103-3017x99148,0033 Snyder Ways Apt. 774,Cainbury,Washington
C061,Whitney Lamb,qgrant@anderson.com,656-843-1396x9651,890 Gregory River Apt. 611,Erinburgh,Colorado
C062,Robert Wilson,wmiller@evans.com,001-946-946-8820,530 Jennifer Isle,Washingtonport,Wisconsin
C063,Jason Abbott,wallerchristopher@park.info,001-756-263-7962x325,863 Diane Square,Lake Angela,North Carolina
C064,Scott Jones,hgutierrez@yahoo.com,(765)794-2921x0398,434 Meghan Motorway Apt. 761,East Jonathan,Colorado
C065,Melissa Mills,camachoscott@yahoo.com,820-563-9821,4372 Sean Drives,Sellersmouth,Oregon
C066,Kevin Carrillo,xlowery@hotmail.com,390-150-5328x56175,25759 Thomas Road Apt. 455,Jessicamouth,Alabama
C067,Jordan Dillon,alexandria55@hotmail.com,8622466173,89177 Jason Throughway Suite 512,New Nicholasberg,Wyoming
C068,Michael Marquez,fvillarreal@walker-daniels.com,971-816-3234x708,1690 Carey Spurs,West Moniquemouth,New Jersey
C069,Amanda Clark,jorgealvarado@yahoo.com,961-332-3611x2409,13573 Bailey Divide,Cardenasville,Delaware
C070,Carmen Bates,barbara39@yahoo.com,7079908895,73679 Eaton Gardens,East Frank,Illinois
C071,Paul Lee,matthewchapman@coleman.com,457-224-1451x768,806 Amy Valleys,East Tonya,Iowa
C072,Andre French,mtran@gmail.com,(239)527-1173x26321,218 Miller Meadow Suite 020,Wendybury,Kentucky
C073,Jeremy Arroyo,cburke@gmail.com,+1-867-419-3488x9599,65497 Maddox Court,North Jerryville,North Carolina
C074,Jason Cardenas,jhoffman@lewis-thomas.com,(286)977-8872,8739 Hannah Mount Suite 175,North Carlafort,Maryland
C075,Denise Thomas,lpatrick@hotmail.com,266.190.5958x42309,5978 Mary Tunnel,Christopherton,Alabama
C076,Cynthia Marquez,kgriffin@hotmail.com,8965393456,36389 Edward Rest,South Benjamin,Georgia
C077,Amy Escobar,amy58@gmail.com,+1-766-930-0942x514,44793 Anthony Key,South Bonnie,West Virginia
C078,Ashley Edwards,toddjeffrey@wilson-martinez.net,5104532810,61075 Brown Stream,East Daniel,Nebraska
C079,Roger Alexander,stacey78@gmail.com,(563)676-3221x48098,74152 Neal Ports Apt. 524,Ayalachester,Texas
C080,James Johnson,ryanstrong@hotmail.com,+1-409-016-3212x386,9063 Robert Landing,Samanthaburgh,South Carolina
C081,Charles Miller,owenssusan@ward.com,-6977,10845 Hopkins View,Harrisonmouth,Texas
C082,Jeanne Frank,bjohnson@gmail.com,+1-500-531-5594x8440,429 Keith Estates,Gonzalezhaven,Missouri
C083,Henry Cruz,emily95@hotmail.com,+1-736-609-0304x7572,316 Davis Parkway Apt. 666,West Richardhaven,Mississippi
C084,Kurt Ruiz,ypatterson@hotmail.com,791-397-1636,024 Reynolds Stravenue Apt. 681,Lake Kristine,New Jersey
C085,Matthew Harris,rgibbs@price.org,+1-651-988-9216x9754,759 Kenneth Cliffs Apt. 863,Alexanderport,Wisconsin
C086,Gerald Jackson,kellyquinn@williams.com,2297024250,750 Anthony Curve Apt. 964,New Jasminefurt,Kansas
C087,Tonya Jones MD,jonathan23@murphy.info,5636702839,7856 Frank Walk Apt. 611,North Tonyaville,Florida
C088,Kenneth Nichols,kathleenlucero@hotmail.com,001-965-492-1307,118 Johnny Freeway Suite 362,Mooremouth,Alaska
C089,Angela Williams,joshuamitchell@chambers.com,(174)967-4160x176,7554 John Squares,Hannahside,Pennsylvania
C090,Michael Poole,imartin@hotmail.com,001-572-602-3284x38030,553 Paul Crest,East Michael,Kansas
C091,Michelle Williams,garyeverett@yahoo.com,001-377-784-5972x4249,613 Ramirez Oval Apt. 140,North Kenneth,Mississippi
C092,Christopher Perry,bensontina@page.com,+1-236-970-5980x361,381 Gregory Lake,Port Shelby,Maine
C093,Dr. Manuel Lee,yferguson@gmail.com,+1-665-163-6149x5673,1546 Kelly Locks Suite 071,Port Michael,Connecticut
C094,Jennifer Hernandez,leahnelson@yahoo.com,891.980.7502x5168,1430 Scott Place Suite 868,Lake Christina,North Dakota
C095,Tonya Velasquez,jennalane@gmail.com,001-589-433-8446,9795 Sandra Track,Lake Jonathanstad,Montana
C096,Samantha Johnson,vickie49@arnold.com,001-883-116-0488x894,803 Wells Extensions,Torreshaven,California
C097,David Taylor,smithedward@hotmail.com,9995033908,838 Willis Pines,Smithstad,New Mexico
C098,Trevor Hernandez,jasongood@maynard.com,910-400-1077x16607,121 Mitchell Island,Phillipsside,Montana
C099,Colleen Ray,brandyreid@hotmail.com,114-701-3522,61567 Avila Centers,South Carrieport,South Carolina
C100,Jean Thompson,brentmoss@yahoo.com,690.044.2752,5626 Fernandez Ranch,Lisaborough,West Virginia
C101,Alyssa Stevens,christopherleonard@yahoo.com,6740973498,157 Perez Valley Apt. 930,Marvinside,Alabama
C102,Samuel Fox,jesushernandez@vazquez-smith.com,370.293.6520,0206 Ryan Port Apt. 239,Collinsbury,Mississippi
C103,Theresa Baker,dgonzalez@douglas.com,(278)201-9152x01870,4224 Mary Row Apt. 626,Brandonport,Colorado
C104,Larry Jones,lalvarado@gmail.com,001-958-070-8365,83779 Atkinson Views,Reevesbury,New York
C105,Katrina Dyer,frenchnicole@acosta-porter.com,437.129.6703,6866 Dawn Shore Apt. 633,Mariemouth,Hawaii
C106,Mary Brooks,jonathanedwards@nelson.com,128-770-6245x68668,98303 Kenneth Port,West Christopherburgh,New Mexico
C107,Kevin Kelly,nicole31@gmail.com,-7290,659 Denise Turnpike,North Holly,Wyoming
C108,Anna Thompson,kathyfisher@garrett.net,+1-891-207-6288x8454,981 Cathy Isle Apt. 195,Riveraville,Nevada
C109,Michele Kline,stephensteresa@hotmail.com,-5992,5189 Robert Grove Apt. 658,East Brett,Wyoming
C110,David Williams,robert25@gmail.com,378.053.3204,8605 John Rue,Oscarburgh,Arizona
C111,Jennifer Jimenez,brad14@gonzalez.biz,+1-347-728-8940x464,38427 Ryan Fords Apt. 944,Barretttown,Kansas
C112,Teresa Davis,shermanfrank@day-kennedy.com,130.685.8462,203 Hernandez Lodge Suite 432,New Kaitlyn,Georgia
C113,Carrie Bradshaw,jameseric@hotmail.com,(281)098-1176,5556 Nichole View,South Angela,Ohio
C114,Desiree Hicks,taylorkenneth@yahoo.com,(902)406-0060x46964,877 Hill Rue,Meganburgh,Idaho
C115,Mr. Charles Curtis,alexander72@wright.com,001-275-612-8294x11499,11423 Jasmine Walk,North Michaelmouth,North Carolina
C116,Julia Schmidt,jillian55@yahoo.com,003-668-2017,29675 Cynthia Parkway Suite 126,Michaelview,New Jersey
C117,Johnny Jenkins,qmoss@gmail.com,452.574.5291,27102 William Crescent,East Michael,Maine
C118,Marc Richardson MD,alexanderlarry@martin.com,-5270,421 Baldwin Drive,West Davidville,Mississippi
C119,Clayton Hensley,amanda90@warren.com,001-692-374-8926,692 Moore Village Suite 764,Kimberlyview,North Dakota
C120,Rachael Moore,badams@yahoo.com,200-769-6351x369,2463 Jared Shores Apt. 439,Michaelburgh,Colorado
C121,Dawn Hernandez,seth47@hotmail.com,529-566-3965,5618 Kimberly Road,East Jay,Virginia
C122,Catherine Jackson,kathleenkim@gmail.com,900.858.5841,237 Clark Flats Apt. 187,Conniemouth,New Hampshire
C123,Michelle Harper,amber56@hotmail.com,106-588-1049x22722,276 Joseph Trail,Christinafort,Pennsylvania
C124,Debbie Bennett,colleen90@gmail.com,+1-437-284-2107x743,272 Jeremy Ferry,Alishamouth,Mississippi
C125,Debra Proctor,sgriffith@gmail.com,(298)231-8757x3313,487 Ramirez Crossing,East Markborough,Arizona
C126,Douglas Johnson,whitekrystal@olsen.com,+1-901-310-7141x468,4365 Erin Manors,Erikaburgh,Oregon
C127,Maria Graham,parker64@burton.com,(502)212-6362x05953,35824 Christopher Common,North Jesseton,Arizona
C128,Donna Lee,zdavis@torres-thomas.com,001-549-216-1095,037 Sanchez Street Apt. 744,West Sara,Georgia
C129,Rebecca Barton,jennifer85@johnson.com,657-475-1635x05424,75112 Linda Roads Suite 662,South Charlesshire,Kansas
C130,Linda Moyer,gclayton@hotmail.com,001-957-175-3449x93445,435 Crane Prairie Apt. 210,West Michael,Oregon
C131,Patrick Murray,rholden@owens.org,4132880541,96701 Morris Tunnel Apt. 826,Perezside,Virginia
C132,Nicole Barnes,daniel58@hotmail.com,2239319490,699 Tyler Ports Apt. 077,Williamville,New Jersey
C133,Mary Castro,owencynthia@horton-martin.com,143-800-5043x48041,336 Alyssa Ridge,Mariatown,Rhode Island
C134,Andrea Washington,kennethwatson@gmail.com,783.320.2442,73688 Pace Spurs Apt. 426,Lindaburgh,Rhode Island
C135,Jessica Boone,adamslogan@hotmail.com,+1-275-119-8955x643,20363 Harper Throughway Apt. 571,Samanthaburgh,Virginia
C136,Julia Contreras,wmoreno@yahoo.com,1192210822,19405 King Centers,Louiston,Oklahoma
C137,Bradley Jimenez,jacobsheather@smith.biz,-2622,69955 Chad Forks,Blakeland,Minnesota
C138,Beth Fuller,david23@gmail.com,056-048-8967x9769,844 Terri Corners Apt. 450,Matthewmouth,New Mexico
C139,Taylor Ware,gmcconnell@washington.com,+1-901-178-9367x80915,480 Acosta Plaza Suite 848,Holdenshire,Mississippi
C140,Andrea Hines,dolsen@yahoo.com,001-734-455-6110x325,93306 Young Plains,East Christinebury,New Jersey
C141,Danielle Johnson,maynardanita@williamson.com,160-981-7700x96235,451 Brooke Lodge,Williamstad,Arkansas
C142,Peter Aguirre,brent02@dawson.info,874.828.6920,838 Martinez Underpass Apt. 830,Grantshire,Minnesota
C143,Anthony Flores,rivasmelissa@yahoo.com,(290)029-0054,74188 Miller Knoll Suite 676,Port Joshua,Minnesota
C144,Anita Hall,cdavila@yahoo.com,(902)546-3395x95184,498 Williams Corners,Christineton,Montana
C145,Brian Wright,bradleythomas@gmail.com,280-430-0399,3374 Riley Fords Apt. 096,North Pamela,Mississippi
C146,Kylie Johnson,edward56@gmail.com,637-935-0416x622,08683 Matthew Grove Suite 890,East Kellieborough,Vermont
C147,Michele Holt,lawsonelizabeth@moore-baldwin.com,515-594-7563,2813 Connie Crossing,Port Ericside,Indiana
C148,Kimberly Williams,gilesemily@holder.net,320-506-2349,12981 Ramirez Vista,West Jessica,Connecticut
C149,Peter Carson MD,qramirez@hotmail.com,001-522-347-5939,44524 Taylor Courts,Wellsshire,New York
C150,Caitlin Wilkerson,bwilson@yahoo.com,899.865.3278x242,2990 Kayla Motorway Suite 795,Rossfurt,Georgia
C151,Nicholas Stanton,xprice@gmail.com,611.548.4982,86798 Glenn Lodge Apt. 402,Michaelborough,Maryland
C152,Destiny Richardson,qbrooks@hotmail.com,661-572-5015,8335 Gary Burg Apt. 049,Port Kimberly,Oregon
C153,Joann Ortiz,susanburns@gmail.com,606-268-5539,92773 Jackson Dale,Lake Rhonda,Oklahoma
C154,Hayley Cooper,jorge40@nguyen.com,-7143,565 Rachel Meadows,Heatherville,Texas
C155,Craig Collins,grahamdonald@gmail.com,178-966-9799x9085,12781 Williams Gardens,Lake Davidhaven,Vermont
C156,Stephanie Chen DDS,brooke20@mosley.net,739-171-9212x120,30879 Sanders Bridge Suite 469,Andreborough,Hawaii
C157,Jasmine Conway,bmcclain@gmail.com,001-011-265-7189x51576,1715 Schmidt Viaduct,North Colleen,Ohio
C158,Nicole Hall,ccoleman@hotmail.com,258-372-0658x12393,10845 Robert Orchard,Bryanfurt,Delaware
C159,Amanda Richardson,qnelson@yahoo.com,492.275.3743x211,99943 Jeremy Manors Suite 486,New Loriton,Tennessee
C160,Jenna Atkins,turnergina@hotmail.com,572-161-4397,11773 Preston Fork,Lake Erika,New Hampshire
C161,Andrea Lowe,bharvey@yahoo.com,-5226,6817 Williams Knolls Apt. 120,Emilytown,Arizona
C162,John Bryant,apearson@hotmail.com,828.058.6573,3310 Harvey Club Suite 053,Hermanborough,Connecticut
C163,David Ortega,rossmichael@hotmail.com,(681)382-4789x8447,888 Rush Manors,Port Anthonyville,Rhode Island
C164,Victoria Ho,vhammond@wolfe.net,440-908-5141x5750,331 Ryan Heights Suite 681,Lake Audrey,Florida
C165,Mr. Jose Dalton,stevegonzalez@bryant-martinez.com,987.553.7559,3749 Smith Extension,Frankberg,West Virginia
C166,Steven Maxwell,smcdowell@yahoo.com,754.774.9075x313,5186 Jenny Mall Suite 085,Valdezbury,Michigan
C167,Eric Moran,lutzmichelle@hotmail.com,+1-086-204-6721x6577,2943 Brown Road Suite 007,South Kaylahaven,Massachusetts
C168,Kimberly Curtis,cindy58@matthews.net,985-842-6194,94161 Salazar Drive,West Keithtown,New Jersey
C169,Rose Thomas,blucas@hotmail.com,7675158718,78602 Christine Green Suite 418,Stephanieberg,Arizona
C170,Dale Hebert,scottmartinez@rodriguez.com,189-128-4079,862 Preston Roads,West Markmouth,Maryland
C171,Carla Trujillo,shawncline@shepherd-maldonado.org,058.009.7653,60271 Lisa Overpass,North Davidborough,Hawaii
C172,Lauren Lutz,mendozabrian@mitchell-lopez.com,001-509-535-3055x18713,7297 Williams Forges Suite 085,East Eric,Minnesota
C173,Jerry Love,sbarton@rodriguez.com,357.161.5689x504,72362 Reed Brooks Suite 095,Griffinland,Wisconsin
C174,Kerry West,qcampbell@durham.info,+1-465-049-3551x63767,179 Samantha Rest,Candicebury,Vermont
C175,Samantha Mcdowell,barbara24@smith.com,(824)030-3370x80478,88063 James Extensions Suite 255,Kathyville,Kansas
C176,Robert Anderson,samantha30@durham.biz,320-714-1316x03117,1953 Arnold Union,South Jack,North Carolina
C177,Douglas Perez,betty93@jones.com,077-313-7094,8617 Parker Lake Suite 469,Johnfort,Pennsylvania
C178,Ms. Penny Hoover,james97@yahoo.com,(879)080-2776x322,081 Gibson Ville,Fordside,New Hampshire
C179,Anthony Mitchell,pamelacunningham@lewis.com,-9545,159 Becker Trail Apt. 562,East Matthewfurt,California
C180,Dr. Rachel Hawkins,anthonyroberts@freeman.net,+1-432-261-4362x339,8756 Rodgers Spur Apt. 063,Moonfort,Connecticut
C181,Sean Wilson,adamstephenson@weaver.com,393.966.4708x803,0319 Coleman Falls,Paulberg,Alaska
C182,Jesse Dunn,nancy01@thomas.com,001-952-196-0502,79353 Arnold Knoll,Mitchellstad,North Carolina
C183,Kenneth Mccall,hsnyder@ramirez.com,001-648-262-8817x80840,2886 Simpson Spur,Lake Kelseyville,Alabama
C184,Francisco Landry,christopher00@yahoo.com,+1-177-465-1784x2206,3918 Chan Key Suite 587,Michaelfurt,Michigan
C185,Robert Lynch,kellyandrew@yahoo.com,197.029.9261x753,919 Cunningham Circles,Williamland,South Carolina
C186,Robert Miller,smoon@yahoo.com,537-575-8261x2244,7103 Jeremy Green Suite 046,Sarahborough,New Jersey
C187,Marissa Thomas,ashley08@brewer.biz,871-927-9880x9829,293 Erik Stravenue Apt. 274,Michaelberg,Maine
C188,Sabrina Rose,hjenkins@gmail.com,+1-240-548-0392x1213,429 Graham Circle Suite 373,Lake Charlesfurt,Connecticut
C189,Monique Gill,youngjennifer@browning.com,+1-289-626-3066x7080,4273 Scott Summit Apt. 093,New Catherine,Illinois
C190,Timothy Barnett,hlyons@barrett-gentry.com,(627)611-5444,024 Lewis Green Apt. 557,Goodmanton,Louisiana
C191,Alicia Moore,hawkinslori@gmail.com,550.862.6119,8437 Burke Greens,West Pamela,Alaska
C192,Cheryl Smith,johnsondeborah@gmail.com,001-103-690-1398x888,525 Johnson Summit Suite 906,Port Michaelbury,Wisconsin
C193,Elizabeth Chavez,kimberlybooth@dunn.biz,199-010-3610x14598,322 Davis Well Apt. 490,Mackenzieburgh,Delaware
C194,Earl Richardson,dawncampbell@hotmail.com,001-051-365-2920x721,8083 Cisneros Mountain,Lake Tiffanymouth,Pennsylvania
C195,Alexis Vargas,lindsay61@schmidt.org,001-991-452-9851,00591 Elizabeth Place,South Jeremy,Nevada
C196,Dr. Justin Hall,thompsonjessica@ortiz.com,973.913.7084,28670 Crane Springs Suite 006,Heidihaven,Wyoming
C197,Alexandra Edwards,jameshartman@hotmail.com,2729122838,12258 Nicolas Station,New Tim,Kentucky
C198,Emily Villanueva,jeanne09@gmail.com,978.098.4370,361 Anthony Light Suite 770,New Stephenton,Washington
C199,Amanda Booker,ramirezpamela@perry.net,3668138400,0860 Christopher Lodge,Andersenside,New York
C200,Brandi Long,mkaufman@schneider.com,(583)814-9510x5879,657 Travis Orchard Apt. 763,East Timothy,Hawaii
