store_id,name,location,city,state
S001,Lake Jonathanburgh Store,"6109 Williams Plain Apt. 939
East Michaelville, MI 96586",Shannonmouth,Mississippi
S002,South Heather Store,"008 Foster Spurs
Burkechester, GA 53490",Garciastad,New Mexico
S003,West Anne Store,"755 Glover Fields
Port Brandy, NE 59202",West Lawrence,Utah
S004,Randymouth Store,"1094 Gonzalez Course
Lake Alexis, ND 94368",East Davidfort,North Dakota
S005,Teresatown Store,"53886 Troy Trail Suite 203
South Elijah, WI 54277",New Leeburgh,Illinois
S006,Port James Store,"80390 Levine Ridges
Port Kayla, WI 51450",East Katherineshire,Vermont
S007,Port Lisa Store,"88996 Shawn Trail
Christiantown, SD 40752",Lisashire,Illinois
S008,Lake Jeremy Store,"5893 Morris Drives
Jacksonland, RI 49288",Scottville,Maryland
S009,Rossbury Store,"USCGC Weber
FPO AE 46103",Port Douglas,Kansas
S010,South Daniel Store,"55444 Jimmy Station
Michaelville, AL 07208",Jamesville,Delaware
S011,Tanyaview Store,"6238 Johnson Mission Suite 456
East Beth, NM 05073",Port Lindamouth,Wisconsin
S012,West Maria Store,"83252 Davis Village
West Annefort, KS 41914",Phillipville,Rhode Island
S013,North Michael Store,"PSC 9735, Box 3667
APO AP 13258",Palmershire,New York
S014,Madisonbury Store,"768 Joseph Ports Suite 306
Port Melanie, OH 62421",Desireeside,Idaho
S015,Charleschester Store,"014 Andrew Tunnel Suite 368
South Matthew, MS 88631",Buckleyburgh,New Mexico
S016,Chavezshire Store,"053 Zachary Cape Suite 540
Maryhaven, MA 08493",Port Kathrynburgh,Mississippi
S017,South Samuel Store,"767 Adam Corners
North Peterville, SD 05788",Stewarttown,Indiana
S018,Turnerborough Store,"9849 Carrie Burgs Suite 931
South Jaredfurt, ID 53699",New Gabrielton,California
S019,Port Kennethfurt Store,"7630 Devin Curve
South Michael, MA 44908",Brownborough,Georgia
S020,Dunnberg Store,"2409 Brian Brook Apt. 982
Murphyshire, NM 18173",Banksview,Delaware
S021,Paultown Store,"023 Michael Cliffs Suite 996
Lake Justinshire, DC 00829",Mossborough,Kentucky
S022,East Karenville Store,"867 Michael Heights
South Michaelshire, DE 58367",South Paulton,Georgia
S023,East Gracechester Store,"174 Taylor Land Suite 011
South Sarah, KY 05237",Salazarburgh,Tennessee
S024,Popestad Store,"493 Mann Divide Apt. 080
Heatherland, IA 01311",Collinsburgh,Utah
S025,South Annland Store,"188 Harris Ways Apt. 866
Andreahaven, FL 84886",Mitchellview,California
S026,Kevinmouth Store,"285 Keith Groves
West Katelynfurt, MI 32980",East Donaldburgh,Nevada
S027,North Antonio Store,"90583 Stevens Ports Apt. 035
Moorefort, OR 82364",Petersontown,Connecticut
S028,Sharonbury Store,"900 Baker Land
East Austintown, NV 05029",Port Julieshire,Georgia
S029,West Teresa Store,"63428 Mary Ports
Nelsonborough, NC 47437",South Joanna,Nevada
S030,Brownfurt Store,"3887 Brent Ridges
Weekshaven, VA 65154",New Shaneport,Idaho
S031,West James Store,"9892 Lee Prairie Apt. 458
West Davidport, OH 44964",Lake Alexchester,Wisconsin
S032,Ramirezport Store,"9044 Catherine Corners
Davidside, NJ 14089",Bondberg,Kentucky
S033,East Kevinmouth Store,"89816 Higgins Underpass Suite 228
Phillipsport, CO 27468",Bobside,Connecticut
S034,Lake Ashleyville Store,"1809 John Port
East Chrisside, RI 11210",South Markstad,Nevada
S035,Willishaven Store,"076 Gerald Crest Suite 463
Owensstad, CO 30566",Gordonport,Michigan
S036,South Tracyland Store,"20631 Alexander Tunnel Apt. 998
Johnsonhaven, AK 33103",Lindaburgh,South Carolina
S037,Fredmouth Store,"75370 English Springs Suite 979
Clarkside, LA 24744",Jenniferfurt,Minnesota
S038,Priceton Store,"612 Eileen Trail Apt. 707
Laurashire, KY 83397",East Brian,Kentucky
S039,Flynnville Store,"6196 Lyons Highway Suite 988
Williamtown, AL 84581",Laurachester,Nevada
S040,Port Ethanfurt Store,"267 Barbara Prairie Suite 612
Susanstad, MO 95311",East Sarah,Louisiana
S041,Camachofort Store,"578 Reynolds Neck Apt. 833
Mcdonaldmouth, TN 01661",Elliottview,Mississippi
S042,Jodimouth Store,"5891 Miller Prairie
Randychester, MN 44541",Matthewchester,Colorado
S043,Owensfurt Store,"4956 Anthony Roads Apt. 007
Mollyfurt, FL 67030",West Bernard,New York
S044,South Sarahburgh Store,"557 Matthew Lane Apt. 267
Kimberlystad, WV 92876",East Andreafort,Idaho
S045,Debrachester Store,"3287 Sharon Walk Suite 651
Lake Ashley, MO 66488",Barbaraberg,Michigan
S046,Port Alexa Store,"3404 Karen Garden
Harrisfurt, CA 15948",East Katherine,New Hampshire
S047,New Jose Store,"46372 Sharon Mountains
East Jacquelinehaven, ID 77508",West Sergioville,South Dakota
S048,West Lance Store,"841 John Key
Lake Rachel, GA 03716",Lake Jonathanburgh,Alaska
S049,Josefort Store,"Unit 1118 Box 7788
DPO AA 10893",Jonathanmouth,Virginia
S050,Shannonfurt Store,"1811 Ortiz Shores
Lake Sara, AL 53638",South Tyler,Nebraska
S051,Martinezfurt Store,"6841 Johnson Street Apt. 380
Lake Jamesfort, AL 65388",Lake Amandachester,Montana
S052,West Kennethview Store,"31273 Woodard Parkway
Port Richard, OR 99836",Lake Brittanyport,Montana
S053,Arnoldchester Store,"0431 William Mills Apt. 089
West Melissaland, OK 90115",Susanland,Alaska
S054,West Taylor Store,"4101 Green Island Apt. 208
Lake Jay, OK 10868",Shelbymouth,Massachusetts
S055,Scottton Store,"933 King Drive
Dorismouth, MS 24393",New Jennifermouth,North Dakota
S056,Tinafort Store,"USNS Horn
FPO AA 91747",North Hector,Wyoming
S057,Andrewberg Store,"81950 Lisa Plains Suite 000
Port Adrian, CA 66582",North Michael,Idaho
S058,Lake Courtneychester Store,"6020 Evans View Apt. 416
Jessicamouth, PA 74776",West Oscar,Utah
S059,Stevenston Store,"7668 Kyle Point
Billychester, AZ 73892",West Eric,Oklahoma
S060,Lake Bobby Store,"493 William Crest
Hodgesbury, TN 46686",North Vickifort,West Virginia
S061,Zacharyborough Store,"827 Michael Field Apt. 633
Turnerport, AZ 22471",Lake Michael,Georgia
S062,Chrisport Store,"48397 Patricia Trafficway
North Dylan, MA 51040",South Nicholas,Montana
S063,New John Store,"6231 Hayes Row
Christopherton, VA 34728",Port Ellen,Hawaii
S064,Pearsonton Store,"528 Becker Garden
South Danielle, WI 30679",Jasonmouth,Minnesota
S065,Hernandezberg Store,"95729 Daniel Hills
Morenotown, KS 13932",Gardnermouth,North Carolina
S066,Wuville Store,"60732 James Burg
West Jessicaport, AR 13485",West Nicholas,Vermont
S067,East Ebonyburgh Store,"USCGC Wilkerson
FPO AP 12754",Howellbury,Massachusetts
S068,Garciastad Store,"09580 Hood Lodge Apt. 306
Kennedymouth, PA 74557",West Victoriafort,Virginia
S069,Waltersview Store,"04557 Chung Prairie
South Abigail, NM 79552",West Willie,New Jersey
S070,New Christopherburgh Store,"PSC 1614, Box 2039
APO AE 71637",Lake Derek,Montana
S071,Davisview Store,"PSC 9234, Box 5176
APO AE 59006",Lewistown,Nevada
S072,North Michael Store,"5001 Armstrong Plains Suite 529
New Christopherfort, MS 61694",Andreatown,South Dakota
S073,Beverlyland Store,"291 Joseph Mountains Apt. 450
Port Carlos, OR 75253",Phillipschester,New Jersey
S074,Mcgrathmouth Store,"957 Craig Junction
Danielview, KY 74034",Lake Karenport,Arizona
S075,Bishopstad Store,"934 Paul Vista Apt. 793
New Maryport, HI 57444",Johnburgh,Missouri
S076,Holmesborough Store,"839 Shane Villages Apt. 936
Hornbury, CO 40362",New Hollytown,Indiana
S077,Mitchellfurt Store,"2393 Rivera Haven Suite 562
Johnsonview, MD 75733",Port Scott,Indiana
S078,Jimenezshire Store,"53099 Jasmine Green Apt. 587
Lake Joshuaside, DC 03252",West David,Idaho
S079,Brownborough Store,"961 Kara Path Suite 617
Joanneview, UT 32436",West Craig,Alaska
S080,Port Lisa Store,"944 Flores Mountain Suite 357
Smallborough, AL 92440",Fitzpatrickburgh,Washington
S081,New Mike Store,"13093 Ryan Streets Apt. 649
Port Johnmouth, CA 22481",Hernandezshire,Alaska
S082,Dominiqueshire Store,"USCGC Briggs
FPO AP 76850",East Bethany,Wyoming
S083,Kellyton Store,"58685 Owens Trail Suite 654
Ryanborough, NV 30842",South Katherine,Florida
S084,Port Jennifer Store,"4630 Erin Greens Apt. 920
Amandaton, AZ 59759",Williamsview,Arizona
S085,Allenbury Store,"21729 Theresa Plain Suite 474
Josephfort, NJ 76099",Hayshaven,Michigan
S086,Pamelamouth Store,"95502 Robbins Ports Suite 187
Port Anthonyport, NJ 48301",Lake Alanside,Arizona
S087,Port Andrew Store,"91139 Timothy Summit Suite 082
West Anna, ID 66074",East Davidfort,New Mexico
S088,Port Spencer Store,"47881 Smith Rue
Campbelltown, CT 52831",Port Mary,Alaska
S089,Turnerview Store,"0556 Day Highway
East James, CT 55780",North Thomasview,Kentucky
S090,South Kaylabury Store,"PSC 1244, Box 3255
APO AE 00895",Brooksshire,Pennsylvania
S091,New Mary Store,"2326 Ashley Isle Suite 104
North Justinside, NC 50354",Tiffanyhaven,Georgia
S092,South Vincent Store,"34346 Pamela Land Apt. 132
Kevinside, ND 65024",Alisonville,New Mexico
S093,East Melissaborough Store,"USNV Taylor
FPO AP 57413",Riosbury,Georgia
S094,New Kariborough Store,"91282 Jennifer Estate
Whitefurt, OK 38414",Jonesborough,Indiana
S095,West Margaret Store,"763 Goodman Route Suite 146
East Jesusbury, OK 01846",New Deborah,Pennsylvania
S096,Michaelport Store,"872 Sue Parkways
New Kaylamouth, FL 69192",Port Jerry,Arkansas
S097,Calderonton Store,"Unit 6082 Box 2995
DPO AA 44806",Lisafort,Mississippi
S098,Meganmouth Store,"422 Arroyo Creek Apt. 481
Port Johnmouth, DC 62370",East Brittany,Hawaii
S099,North Jamesport Store,"125 Benjamin Route
Port Justin, IL 82559",Port Brian,Louisiana
S100,West Jonathan Store,"4901 Dylan Knolls
Tranville, RI 34850",Williamsmouth,Oregon
S101,Bondfort Store,"32318 Jones Point
Anthonyland, OH 51610",South Allison,Maine
S102,North Hayley Store,"65538 Martinez Grove Suite 963
Lake Benjamin, AR 49522",Andrewborough,Hawaii
S103,Port Kathymouth Store,"5923 Stephanie Bridge Suite 236
Yvonneview, SD 88380",East Courtney,Montana
S104,Warrenfort Store,"9269 Clark Route Apt. 229
Port Thomasland, DC 31352",Port Jack,Montana
S105,Vanessaberg Store,"PSC 3036, Box 8364
APO AP 89874",North Michaeltown,Illinois
S106,North Andreaton Store,"321 Moran Parkways
Danielton, LA 51321",Carrollhaven,Oregon
S107,Bradleyland Store,"160 Ramirez Flats
East Sandramouth, ME 01906",West Philip,New Hampshire
S108,Montgomerymouth Store,"28072 Lane Throughway Suite 597
East Hollychester, RI 48988",Lindseytown,Alabama
S109,East Jeffreyland Store,"247 Bryan Mountain
North Dorothyland, WV 87163",East Leslie,New Hampshire
S110,Emilyborough Store,"87543 Michael River Suite 449
Cynthiatown, CA 93872",South Tinafort,Oklahoma
S111,East Robertshire Store,"300 Wilson Ports
Jennifershire, SC 72249",Brendaville,Oregon
S112,Torrestown Store,"07969 Luis Forest
North Caitlin, KS 73997",Lucasville,Georgia
S113,South Megan Store,"5540 Douglas Streets
Tinashire, IA 24140",South Krista,North Dakota
S114,Lucasborough Store,"Unit 4778 Box 6933
DPO AA 03433",Monicaborough,Illinois
S115,Smithstad Store,"8830 Cowan Mountains
West Alyssa, NM 09019",Wallaceburgh,North Carolina
S116,Houstonmouth Store,"050 Sean Expressway Suite 387
New Denise, WV 59029",West Dawnchester,Tennessee
S117,Toddburgh Store,"92056 Chung Common Apt. 634
Fergusonton, VA 80688",Isabellamouth,North Carolina
S118,Lake Andrewport Store,"975 Martinez Light Suite 715
Victorside, PA 82926",Port Shannon,Kansas
S119,Tuckerview Store,"7441 Ronald Field
Nicoleland, NJ 85712",North Scott,Minnesota
S120,Williamburgh Store,"689 Sherry Parkway
Kathleenburgh, KS 93527",North Rebeccaborough,Alabama
S121,Lake Nicole Store,"4978 Payne Landing
East Christopherhaven, AZ 17017",Johnsonport,Oklahoma
S122,New Debra Store,"94569 Gary Street
Stephensonside, GA 01230",Thompsonberg,Maryland
S123,West Mariafurt Store,"202 Hayden Isle
New Thomasside, UT 17797",Dustinside,New York
S124,Deanbury Store,"Unit 0619 Box 9230
DPO AE 14377",West Michael,Rhode Island
S125,Floydfort Store,"418 Hill Crescent
Port Jonathanton, TX 25632",West Sarahville,New Hampshire
S126,Kellymouth Store,"06206 Jeffery Islands Apt. 816
Powersland, DE 88286",Port Thomas,Delaware
S127,Clintonborough Store,"20721 Tanner Flats Apt. 477
Stacyborough, AR 04494",Port Michaelberg,Iowa
S128,Lake Amyfurt Store,"621 Sean Isle
Larryville, AR 13181",Robertbury,Idaho
S129,Michaelland Store,"46019 Jones Orchard Apt. 491
Stewartview, MN 81949",Daniellemouth,Washington
S130,Paulburgh Store,"620 Mallory Path Apt. 283
North Patricia, DC 39046",Johnhaven,Alaska
S131,West Ambermouth Store,"476 Natasha Common Apt. 320
Michelleberg, SC 44175",New Jessicachester,North Dakota
S132,New Lisaberg Store,"3097 Johnson Key Apt. 459
North Jamieshire, SD 04698",Nelsonberg,Tennessee
S133,Batesmouth Store,"30379 Mcgee Springs
East Nicole, CT 39844",Port Jasonmouth,New Jersey
S134,Harperbury Store,"97089 Morgan Vista Apt. 479
Brandonmouth, AR 91125",Mooreshire,Virginia
S135,New Dana Store,"USNV Coleman
FPO AA 81892",Yatesport,Kansas
S136,Justinhaven Store,"8734 Taylor Summit
Meltonmouth, NJ 23501",Josephchester,Kansas
S137,West Kristinafurt Store,"964 Frank Ferry
South Erictown, ND 95165",Santosborough,California
S138,Smithland Store,"8942 Brandi Trail
Higginsborough, WI 22745",South Jonathan,Louisiana
S139,West Thomasshire Store,"7544 Anderson Hill
Trevormouth, TN 14823",Port Ashleyview,California
S140,Freemanborough Store,"135 Scott Hill Suite 262
Christinafurt, ND 81569",South Kristinberg,Wisconsin
S141,South Lisa Store,"1126 Olsen Loop
Jasonborough, IN 45615",New Madisonport,Utah
S142,Lake Paul Store,"8463 Jennifer Vista
New Jason, OR 14254",New Larry,Florida
S143,West Rachel Store,"001 Lin Rest Suite 648
Jacksonbury, KS 66028",Hamiltonport,South Dakota
S144,Paulland Store,"3343 Schaefer Glens Apt. 182
Montgomeryland, CO 63211",North Kristen,Tennessee
S145,Gregoryberg Store,"USNV Beasley
FPO AE 51191",West Tiffanytown,North Carolina
S146,North Taylorview Store,"5253 Patterson Drive
New Stacyport, MO 98884",Elizabethfort,North Dakota
S147,Normaton Store,"7061 Scott Tunnel Apt. 907
Banksshire, MS 76881",New Carolinemouth,Indiana
S148,South Patricia Store,"085 Hart Square Apt. 551
Hicksmouth, KS 96798",North Jenniferhaven,Oregon
S149,Paulafort Store,"3109 Archer Plains
Timothymouth, MT 03939",Arianatown,California
S150,Port Matthew Store,"PSC 2677, Box 1726
APO AA 08884",South Aprilstad,Maine
S151,North Samanthaside Store,"96326 Mcmahon Neck
South Davidhaven, MN 18205",Alyssatown,Indiana
S152,Fergusonview Store,"842 Church Junctions Suite 999
Charlesberg, MI 23112",New Hannah,Arkansas
S153,Charlesstad Store,"68565 Williamson Haven
North Georgeview, FL 97194",Jennifertown,New Mexico
S154,Lopezshire Store,"97299 Frost Branch
Tarahaven, KS 09669",New Brettberg,New Mexico
S155,Hendersonberg Store,"0204 Ferguson Valley
West April, OK 07850",Dickersonhaven,Iowa
S156,Garciaberg Store,"7592 Sarah Wall Apt. 096
North Jasonville, OK 23925",North Susan,Minnesota
S157,Port Amy Store,"47236 Jones Forge Apt. 836
Katelyntown, NJ 62316",Castanedaton,Oregon
S158,New Ashleetown Store,"472 Frank Row
Michellestad, VT 38993",Reneechester,Minnesota
S159,North Robertburgh Store,"9001 Rodriguez Islands Apt. 847
Natashaview, AL 45823",West Makaylaview,Arizona
S160,South Stephenfurt Store,"280 Carlos Wells Suite 647
Brianfurt, NJ 09569",Amyburgh,California
S161,Granttown Store,"4953 White Spurs Suite 673
Gillbury, CA 90398",Christopherstad,Hawaii
S162,New Nicholas Store,"903 West Lock
Seanhaven, HI 30442",New Lisa,Wyoming
S163,Anthonybury Store,"2958 Kathleen Highway
Natalietown, HI 80436",New Stephenborough,Ohio
S164,Amberstad Store,"371 Dennis Crossroad
Michaelberg, AK 62263",Jennifermouth,Ohio
S165,Martinezside Store,"PSC 6305, Box 3498
APO AA 39779",Aliciabury,Georgia
S166,Lake Sandra Store,"42189 Marcus Greens
Lake Cynthia, AR 25279",Davidburgh,Oklahoma
S167,Port Walterstad Store,"77343 King Valley
Steeleland, OR 03751",Lake Katrinamouth,Delaware
S168,Amandaview Store,"365 Powell Rapids Apt. 829
Robertside, LA 30193",New Emilyhaven,Mississippi
S169,New Claudiaville Store,"05349 Teresa Rue
South Jason, DC 19982",South Paul,Hawaii
S170,South Richard Store,"267 Melissa Route
New Garrett, CA 04942",North Charlesstad,Illinois
S171,Timothyville Store,"1765 Amy Valleys Suite 921
Schaeferchester, GA 66301",Jeffreymouth,Utah
S172,Ricardobury Store,"91134 Mcfarland Loop Apt. 455
Briannaton, VT 12308",Mitchellshire,Delaware
S173,Lake Mary Store,"6589 Jason Camp
South Christy, KS 89883",East Williamburgh,Minnesota
S174,South Mary Store,"619 Nicole Views
West Katrina, AR 96222",West Jeffreyshire,New Hampshire
S175,Michaelville Store,"417 Alfred Brooks
Davisfort, WA 54731",Morrisberg,Ohio
S176,Martintown Store,"Unit 4931 Box 7560
DPO AE 35518",South Yeseniamouth,New Mexico
S177,Mannmouth Store,"2069 King Forges Suite 603
Jonesville, NC 86586",Clarkeport,New Hampshire
S178,East Dominic Store,"264 Daniel Brooks Apt. 092
West Leslietown, AL 59219",Rodneyshire,Arkansas
S179,Trevinobury Store,"9848 Cody Isle
Smithfurt, PA 13437",West Anthony,Texas
S180,Sheilashire Store,"2990 Whitaker Springs Apt. 219
Bishopton, FL 15843",South Kelly,Washington
S181,East Felicialand Store,"468 Rose Gardens
Brettview, TN 75756",Johnchester,Massachusetts
S182,New Christopherborough Store,"4386 Robert Burgs Apt. 875
East Kylebury, DE 16349",Nicholaschester,Virginia
S183,Johnsonstad Store,"140 Rebecca Light Suite 098
East Joseport, WV 54028",North Sharon,Pennsylvania
S184,Andrewtown Store,"71165 Michael Square
West Annastad, HI 54869",Catherinebury,New Hampshire
S185,New Christinefort Store,"989 Tara Pike
Reyeston, KS 08599",Lopezton,Indiana
S186,Port Patrickchester Store,"49864 Michael Track Apt. 344
East Andrew, OK 36219",Cuevasbury,Wyoming
S187,South David Store,"175 Kurt Mission
Farmerside, HI 35858",West Natalie,Missouri
S188,Bowersshire Store,"8338 Sullivan Park Apt. 495
Port Davidstad, HI 90028",Lake Johnburgh,Wyoming
S189,North Lisabury Store,"2390 Bonnie Locks Apt. 118
South Nathanview, RI 15122",Leonardborough,Wisconsin
S190,South Amanda Store,"652 Justin Mount
South Taylorberg, NC 66819",Port Jamesbury,Alaska
S191,Kerrstad Store,"769 Charles Turnpike
Lake Jesuschester, SC 33958",Brendachester,Delaware
S192,New James Store,"850 Austin Curve
Juliafurt, AR 73614",Christopherview,Washington
S193,Valdezborough Store,"366 Smith Extension Suite 936
Lake Kendra, IN 31085",Lake Robert,Colorado
S194,East Brian Store,"183 Rose Mill
New Michaelport, WY 85335",New Maureenbury,Utah
S195,Charlesshire Store,"898 Joseph Expressway
Port Stephanie, AL 03656",Taylortown,New Hampshire
S196,Taylorshire Store,"05010 Maria Village
South Ashleystad, NJ 89845",Lake Aaronfort,Colorado
S197,Veronicashire Store,"787 Gordon Prairie
South Christine, NC 81633",East Stephen,Ohio
S198,Oneillport Store,"910 Ashley Junctions Apt. 024
East Meghanchester, AK 65946",Lake Mackenzie,Minnesota
S199,Rebeccaburgh Store,"1177 Kennedy Point
Lake Marioburgh, IL 81871",New Joseborough,Montana
S200,Susanton Store,"184 Deleon Drive
Lake Sergiochester, IA 36066",South Nicole,Wisconsin
